scenario,mean_primary_contacts,mean_unmet_need,mean_ed_presentations,mean_ambulance_conveyances,mean_public_cost
baseline,1212.5,208.04581704247698,381.2355082079196,170.29561766911468,1853306.093624479
full_hybrid,1810.5,5.713721006817436,224.4281337802835,72.59617445306785,1576145.1643672008
