weight_set_id,weight_set,description,C1,C2,C3,C4,C5,C6,C7,C8,C9,C10
W0,Balanced policy,Default weights for whole-system decision-making.,13.333333333333334,13.333333333333334,13.333333333333334,8.571428571428571,11.428571428571429,9.523809523809524,8.571428571428571,9.523809523809524,4.761904761904762,7.619047619047619
W1,Equity and Te Tiriti focused,"Prioritises equity, trust, access and rural resilience.",14.141414141414142,10.1010101010101,25.252525252525253,12.121212121212121,8.080808080808081,6.0606060606060606,5.05050505050505,9.090909090909092,4.040404040404041,6.0606060606060606
W2,Fiscal-control focused,"Prioritises fiscal sustainability, gaming risk and governance.",10.0,12.0,10.0,5.0,25.0,15.0,5.0,10.0,4.0,4.0
W3,Rural access focused,Prioritises local in-person resilience and access.,17.307692307692307,11.538461538461538,14.423076923076923,19.23076923076923,7.6923076923076925,5.769230769230769,5.769230769230769,7.6923076923076925,2.8846153846153846,7.6923076923076925
W4,Hospital-pressure focused,"Prioritises hospital deflection, upstream access and data visibility.",14.285714285714286,23.80952380952381,9.523809523809524,7.619047619047619,11.428571428571429,7.619047619047619,4.761904761904762,8.571428571428571,2.857142857142857,9.523809523809524
W5,Market-entry focused,"Prioritises administrative simplicity, entry, access and governance.",15.0,10.0,10.0,8.0,8.0,8.0,20.0,9.0,5.0,7.0
